user_id;condition;timing;image_id
44;2;0;1
44;2;0;2
44;2;0;3
44;2;15;4
44;2;16;5
44;2;16;6
44;2;20;7
44;2;17;8
44;2;21;9
44;2;17;10
44;2;29;11
44;2;14;12
44;2;25;13
44;2;40;14
44;2;18;15
44;2;17;16
44;2;15;17
44;2;27;18
47;2;0;1
47;2;0;2
47;2;0;3
47;2;23;4
47;2;25;5
47;2;21;6
47;2;36;7
47;2;11;8
47;2;50;9
47;2;23;10
47;2;27;11
47;2;14;12
47;2;10;13
47;2;42;14
47;2;42;15
47;2;28;16
47;2;38;17
47;2;31;18
48;1;0;1
48;1;0;2
48;1;0;3
48;1;19;4
48;1;10;5
48;1;18;6
48;1;12;7
48;1;32;8
48;1;10;9
48;1;20;10
48;1;14;11
48;1;30;12
48;1;21;13
48;1;20;14
48;1;12;15
48;1;17;16
48;1;16;17
48;1;13;18
51;3;0;1
51;3;0;1
51;3;0;1
51;3;0;2
51;3;0;3
51;3;48;4
51;3;27;5
51;3;49;6
51;3;66;7
51;3;136;8
51;3;43;9
51;3;23;10
51;3;100;11
51;3;42;12
51;3;28;13
51;3;31;14
51;3;49;15
51;3;69;16
51;3;55;17
51;3;57;18
55;4;0;1
55;4;0;1
55;4;0;2
55;4;0;3
55;4;30;4
55;4;26;5
55;4;41;6
55;4;48;7
55;4;43;8
55;4;31;9
55;4;11;10
55;4;33;11
55;4;29;12
55;4;33;13
55;4;38;14
55;4;47;15
55;4;26;16
55;4;37;17
55;4;30;18
55;4;27;19
55;4;598;39
55;4;17;59
55;4;22;79
55;4;35;99
59;4;0;1
59;4;0;1
59;4;0;2
59;4;0;3
59;4;35;4
59;4;22;5
59;4;22;6
59;4;41;7
59;4;57;8
59;4;26;9
59;4;26;10
59;4;28;11
59;4;29;12
59;4;32;13
59;4;22;14
59;4;33;15
59;4;38;16
59;4;27;17
59;4;27;18
61;3;0;1
61;3;0;1
61;3;0;1
61;3;0;2
61;3;0;3
61;3;33;4
61;3;57;5
61;3;37;6
61;3;25;7
61;3;41;8
61;3;59;9
61;3;33;10
61;3;56;11
61;3;42;12
61;3;42;13
61;3;33;14
61;3;26;15
61;3;39;16
61;3;22;17
61;3;59;18
63;1;0;1
63;1;0;2
63;1;0;3
63;1;47;4
63;1;25;5
63;1;36;6
63;1;30;7
63;1;56;8
63;1;35;9
63;1;36;10
63;1;63;11
63;1;57;12
63;1;45;13
63;1;30;14
63;1;67;15
63;1;25;16
63;1;80;17
63;1;35;18
64;1;0;1
64;1;0;2
64;1;0;3
64;1;32;4
64;1;28;5
64;1;21;6
64;1;22;7
64;1;23;8
64;1;40;9
64;1;22;10
64;1;41;11
64;1;22;12
64;1;26;13
64;1;35;14
64;1;73;15
64;1;19;16
64;1;26;17
64;1;34;18
69;2;0;1
69;2;0;2
69;2;0;3
69;2;108;4
69;2;210;5
69;2;384;6
69;2;105;7
69;2;89;8
69;2;128;9
69;2;82;10
69;2;335;11
69;2;35;12
69;2;116;13
69;2;469;14
69;2;88;15
69;2;118;16
69;2;138;17
69;2;77;18
71;1;0;1
71;1;0;2
71;1;0;3
71;1;13;4
71;1;8;5
71;1;10;6
71;1;11;7
71;1;8;8
71;1;16;9
71;1;10;10
71;1;14;11
71;1;12;12
71;1;11;13
71;1;11;14
71;1;26;15
71;1;8;16
71;1;16;17
71;1;12;18
73;1;0;1
73;1;0;2
73;1;0;3
73;1;49;4
73;1;79;5
73;1;46;6
73;1;54;7
73;1;24;8
73;1;44;9
73;1;29;10
73;1;55;11
73;1;46;12
73;1;36;13
73;1;39;14
73;1;33;15
73;1;37;16
73;1;36;17
73;1;33;18
74;1;0;1
74;1;0;2
74;1;0;3
74;1;21;4
74;1;17;5
74;1;14;6
74;1;28;7
74;1;70;8
74;1;23;9
74;1;18;10
74;1;25;11
74;1;32;12
74;1;19;13
74;1;25;14
74;1;10;15
74;1;16;16
74;1;25;17
74;1;14;18
90;2;0;1
90;2;0;2
90;2;0;3
90;2;39;4
90;2;31;5
90;2;66;6
90;2;41;7
90;2;99;8
90;2;98;9
90;2;92;10
90;2;59;11
90;2;42;12
90;2;16;13
90;2;79;14
90;2;50;15
90;2;129;16
90;2;51;17
90;2;68;18
90;2;27;19
90;2;17;39
90;2;36;59
90;2;19;79
90;2;30;99
101;2;0;1
101;2;0;2
101;2;0;3
101;2;18;4
101;2;32;5
101;2;43;6
101;2;29;7
101;2;16;8
101;2;20;9
101;2;27;10
101;2;45;11
101;2;34;12
101;2;42;13
101;2;27;14
101;2;12;15
101;2;14;16
101;2;19;17
101;2;20;18
101;2;12;19
101;2;25;39
101;2;15;59
101;2;10;79
101;2;14;99
103;2;0;1
103;2;0;2
103;2;0;3
103;2;31;4
103;2;61;5
103;2;46;6
103;2;331;7
103;2;22;8
103;2;22;9
103;2;16;10
103;2;48;11
103;2;40;12
103;2;20;13
103;2;38;14
103;2;230;15
103;2;58;16
103;2;27;17
103;2;25;18
103;2;26;19
103;2;21;20
103;2;46;21
103;2;42;39
103;2;38;40
103;2;18;41
103;2;33;59
103;2;24;60
103;2;22;61
103;2;40;79
103;2;21;80
103;2;23;81
103;2;23;99
103;2;26;100
103;2;24;101
104;3;0;1
104;3;0;1
104;3;0;1
104;3;0;2
104;3;0;3
104;3;91;4
104;3;105;5
104;3;127;6
104;3;84;7
104;3;75;8
104;3;104;9
104;3;57;10
104;3;93;11
104;3;76;12
104;3;130;13
104;3;108;14
104;3;90;15
104;3;91;16
104;3;101;17
104;3;76;18
105;4;0;1
105;4;0;1
105;4;0;2
105;4;0;3
105;4;69;4
105;4;109;5
105;4;53;6
105;4;81;7
105;4;56;8
105;4;60;9
105;4;130;10
105;4;86;11
105;4;33;12
105;4;97;13
105;4;66;14
105;4;74;15
105;4;48;16
105;4;86;17
105;4;57;18
111;2;0;1
111;2;69;4
111;2;52;5
111;2;107;6
111;2;100;7
111;2;81;8
111;2;80;9
111;2;63;10
111;2;103;11
111;2;136;12
111;2;69;13
111;2;56;14
111;2;56;15
111;2;85;16
111;2;89;17
111;2;69;18
115;3;0;1
115;3;0;1
115;3;0;2
115;3;0;3
115;3;114;4
115;3;260;5
115;3;754;6
115;3;284;7
115;3;762;8
115;3;366;9
115;3;115;10
115;3;178;11
115;3;386;12
115;3;114;13
115;3;260;14
115;3;190;15
115;3;398;16
115;3;160;17
115;3;199;18
115;3;99;19
115;3;120;39
115;3;117;59
115;3;83;79
115;3;47;99
120;2;0;1
120;2;0;2
120;2;0;3
120;2;35;4
120;2;22;5
120;2;58;6
120;2;37;7
120;2;24;8
120;2;22;9
120;2;23;10
120;2;20;11
120;2;29;12
120;2;19;13
120;2;22;14
120;2;20;15
120;2;21;16
120;2;31;17
120;2;19;18
120;2;34;19
120;2;16;20
120;2;26;39
120;2;21;40
120;2;25;59
120;2;30;60
120;2;24;79
120;2;17;80
120;2;26;99
120;2;22;100
123;2;0;1
123;2;0;2
123;2;0;3
123;2;44;4
123;2;79;5
123;2;92;6
123;2;82;7
123;2;45;8
123;2;58;9
123;2;65;10
123;2;79;11
123;2;51;12
123;2;61;13
123;2;91;14
123;2;126;15
123;2;33;16
123;2;54;17
123;2;113;18
123;2;31;19
123;2;24;39
123;2;37;59
123;2;62;79
123;2;33;99
125;3;0;1
125;3;0;1
125;3;0;1
125;3;0;2
125;3;0;3
125;3;47;4
125;3;45;5
125;3;21;6
125;3;33;7
125;3;20;8
125;3;55;9
125;3;63;10
125;3;77;11
125;3;31;12
125;3;43;13
125;3;28;14
125;3;49;15
125;3;72;16
125;3;57;17
125;3;37;18
132;4;0;1
132;4;0;1
132;4;0;2
132;4;0;3
132;4;15;4
132;4;44;5
132;4;12;6
132;4;17;7
132;4;42;8
132;4;19;9
132;4;60;10
132;4;19;11
132;4;19;12
132;4;16;13
132;4;31;14
132;4;40;15
132;4;49;16
132;4;27;17
132;4;35;18
135;4;0;1
135;4;0;1
135;4;0;2
135;4;0;3
135;4;33;4
135;4;199;5
135;4;77;6
135;4;122;7
135;4;64;8
135;4;48;9
135;4;38;10
135;4;25;11
135;4;34;12
135;4;98;13
135;4;65;14
135;4;60;15
135;4;104;16
135;4;31;17
135;4;70;18
135;4;52;19
135;4;67;39
135;4;18;59
135;4;44;79
135;4;26;99
146;1;0;1
146;1;0;2
146;1;0;3
146;1;18;4
146;1;63;5
146;1;29;6
146;1;40;7
146;1;18;8
146;1;13;9
146;1;31;10
146;1;14;11
146;1;37;12
146;1;28;13
146;1;16;14
146;1;25;15
146;1;49;16
146;1;66;17
146;1;14;18
151;3;0;1
151;3;0;1
151;3;0;2
151;3;0;3
151;3;43;4
151;3;52;5
151;3;30;6
151;3;70;7
151;3;41;8
151;3;35;9
151;3;30;10
151;3;45;11
151;3;27;12
151;3;28;13
151;3;29;14
151;3;41;15
151;3;60;16
151;3;58;17
151;3;56;18
155;4;0;1
155;4;0;1
155;4;0;2
155;4;0;3
155;4;149;4
155;4;59;5
155;4;144;6
155;4;55;7
155;4;150;8
155;4;62;9
155;4;188;10
155;4;27;11
155;4;128;12
155;4;150;13
155;4;120;14
155;4;102;15
155;4;210;16
155;4;28;17
155;4;21;18
157;2;0;1
157;2;0;2
157;2;0;3
157;2;14;4
157;2;15;5
157;2;20;6
157;2;27;7
157;2;17;8
157;2;28;9
157;2;18;10
157;2;30;11
157;2;24;12
157;2;11;13
157;2;15;14
157;2;15;15
157;2;17;16
157;2;18;17
157;2;17;18
157;2;18;19
157;2;13;39
157;2;13;59
157;2;14;79
157;2;13;99
159;2;0;1
159;2;0;2
159;2;0;3
159;2;36;4
159;2;27;5
159;2;59;6
159;2;22;7
159;2;13;8
159;2;22;9
159;2;35;10
159;2;30;11
159;2;11;12
159;2;24;13
159;2;28;14
159;2;36;15
159;2;25;16
159;2;16;17
159;2;17;18
166;2;0;1
166;2;0;2
166;2;0;3
166;2;32;4
166;2;42;5
166;2;47;6
166;2;45;7
166;2;29;8
166;2;41;9
166;2;31;10
166;2;47;11
166;2;38;12
166;2;40;13
166;2;31;14
166;2;36;15
166;2;52;16
166;2;40;17
166;2;43;18
189;2;0;1
189;2;0;2
189;2;0;3
189;2;44;4
189;2;25;5
189;2;31;6
189;2;21;7
189;2;31;8
189;2;37;9
189;2;18;10
189;2;18;11
189;2;29;12
189;2;22;13
189;2;23;14
189;2;39;15
189;2;60;16
189;2;24;17
189;2;17;18
189;2;18;19
189;2;39;39
189;2;14;59
189;2;21;79
189;2;23;99
195;2;0;1
195;2;0;2
195;2;0;3
195;2;61;4
195;2;8;5
195;2;54;6
195;2;80;7
195;2;41;8
195;2;122;9
195;2;44;10
195;2;43;11
195;2;86;12
195;2;54;13
195;2;75;14
195;2;51;15
195;2;53;16
195;2;67;17
195;2;72;18
195;2;23;19
195;2;23;39
195;2;36;59
195;2;9;79
195;2;32;99
203;1;0;1
203;1;0;2
203;1;0;3
203;1;53;4
203;1;53;5
203;1;41;6
203;1;39;7
203;1;64;8
203;1;31;9
203;1;38;10
203;1;32;11
203;1;61;12
203;1;31;13
203;1;49;14
203;1;37;15
203;1;43;16
203;1;43;17
203;1;35;18
216;4;0;1
216;4;0;1
216;4;0;2
216;4;0;3
216;4;133;4
216;4;139;5
216;4;483;6
216;4;96;7
216;4;65;8
216;4;226;9
216;4;90;10
216;4;127;11
216;4;205;12
216;4;141;13
216;4;222;14
216;4;133;15
216;4;71;16
216;4;103;17
216;4;185;18
216;4;52;19
216;4;103;39
216;4;81;59
216;4;87;79
216;4;139;99
230;1;0;1
230;1;0;2
230;1;0;3
230;1;25;4
230;1;24;5
230;1;38;6
230;1;17;7
230;1;19;8
230;1;30;9
230;1;20;10
230;1;24;11
230;1;33;12
230;1;19;13
230;1;46;14
230;1;29;15
230;1;39;16
230;1;20;17
230;1;41;18
244;1;0;1
244;1;0;2
244;1;0;3
244;1;39;4
244;1;71;5
244;1;48;6
244;1;17;7
244;1;21;8
244;1;63;9
244;1;68;10
244;1;65;11
244;1;20;12
244;1;52;13
244;1;45;14
244;1;19;15
244;1;107;16
244;1;26;17
244;1;68;18
247;1;0;1
247;1;0;2
247;1;0;3
247;1;56;4
247;1;23;5
247;1;35;6
247;1;59;7
247;1;56;8
247;1;44;9
247;1;33;10
247;1;31;11
247;1;26;12
247;1;28;13
247;1;29;14
247;1;34;15
247;1;33;16
247;1;75;17
247;1;33;18
250;1;0;1
250;1;0;2
250;1;0;3
250;1;38;4
250;1;31;5
250;1;28;6
250;1;33;7
250;1;40;8
250;1;40;9
250;1;27;10
250;1;21;11
250;1;43;12
250;1;16;13
250;1;28;14
250;1;36;15
250;1;43;16
250;1;26;17
250;1;30;18
253;1;0;1
253;1;0;2
253;1;0;3
253;1;26;4
253;1;19;5
253;1;98;6
253;1;23;7
253;1;55;8
253;1;17;9
253;1;22;10
253;1;57;11
253;1;125;12
253;1;65;13
253;1;35;14
253;1;18;15
253;1;37;16
253;1;27;17
253;1;15;18
263;2;0;1
263;2;0;2
263;2;0;3
263;2;146;4
263;2;66;5
263;2;227;6
263;2;115;7
263;2;96;8
263;2;112;9
263;2;126;10
263;2;182;11
263;2;158;12
263;2;127;13
263;2;877;14
263;2;151;15
263;2;116;16
263;2;76;17
263;2;112;18
272;1;0;1
272;1;0;2
272;1;0;3
272;1;10;4
272;1;8;5
272;1;20;6
272;1;14;7
272;1;29;8
272;1;45;9
272;1;18;10
272;1;9;11
272;1;11;12
272;1;18;13
272;1;9;14
272;1;24;15
272;1;8;16
272;1;22;17
272;1;15;18
273;2;0;1
273;2;0;2
273;2;0;3
273;2;18;4
273;2;14;5
273;2;21;6
273;2;21;7
273;2;15;8
273;2;29;9
273;2;28;10
273;2;18;11
273;2;28;12
273;2;17;13
273;2;20;14
273;2;27;15
273;2;19;16
273;2;22;17
273;2;11;18
273;2;14;19
273;2;15;39
273;2;17;59
273;2;12;79
273;2;15;99
301;4;0;1
301;4;0;1
301;4;0;2
301;4;0;3
301;4;55;4
301;4;39;5
301;4;64;6
301;4;52;7
301;4;32;8
301;4;46;9
301;4;65;10
301;4;44;11
301;4;48;12
301;4;34;13
301;4;29;14
301;4;20;15
301;4;70;16
301;4;38;17
301;4;36;18
304;1;0;1
304;1;0;2
304;1;0;3
304;1;17;4
304;1;8;5
304;1;15;6
304;1;25;7
304;1;13;8
304;1;38;9
304;1;9;10
304;1;14;11
304;1;15;12
304;1;15;13
304;1;14;14
304;1;23;15
304;1;10;16
304;1;12;17
304;1;13;18
313;1;0;1
313;1;0;2
313;1;0;3
313;1;15;4
313;1;12;5
313;1;15;6
313;1;7;7
313;1;18;8
313;1;17;9
313;1;12;10
313;1;21;11
313;1;14;12
313;1;15;13
313;1;24;14
313;1;18;15
313;1;14;16
313;1;19;17
313;1;40;18
339;3;0;1
339;3;0;1
339;3;0;2
339;3;0;3
339;3;76;4
339;3;68;5
339;3;43;6
339;3;61;7
339;3;80;8
339;3;108;9
339;3;73;10
339;3;44;11
339;3;119;12
339;3;117;13
339;3;317;14
339;3;73;15
339;3;79;16
339;3;69;17
339;3;57;18
339;3;103;19
339;3;73;39
339;3;54;59
339;3;45;79
339;3;53;99
341;4;0;1
341;4;0;1
341;4;0;2
341;4;0;3
341;4;37;4
341;4;13;5
341;4;25;6
341;4;58;7
341;4;65;8
341;4;33;9
341;4;35;10
341;4;36;11
341;4;35;12
341;4;15;13
341;4;8;14
341;4;29;15
341;4;19;16
341;4;23;17
341;4;50;18
349;1;0;1
349;1;0;2
349;1;0;3
349;1;55;4
349;1;63;5
349;1;23;6
349;1;60;7
349;1;104;8
349;1;83;9
349;1;82;10
349;1;65;11
349;1;33;12
349;1;30;13
349;1;76;14
349;1;82;15
349;1;34;16
349;1;41;17
349;1;62;18
351;2;0;1
351;2;0;2
351;2;0;3
351;2;78;4
351;2;61;5
351;2;94;6
351;2;94;7
351;2;138;8
351;2;67;9
351;2;75;10
351;2;116;11
351;2;106;12
351;2;82;13
351;2;60;14
351;2;87;15
351;2;52;16
351;2;57;17
351;2;61;18
351;2;26;19
351;2;47;39
351;2;38;59
351;2;58;79
351;2;76;99
353;4;0;1
353;4;0;1
353;4;0;2
353;4;0;3
353;4;133;4
353;4;18;5
353;4;31;6
353;4;18;7
353;4;336;8
353;4;58;9
353;4;24;10
353;4;91;11
353;4;435;12
353;4;11;13
353;4;91;14
353;4;35;15
353;4;36;16
353;4;43;17
353;4;59;18
380;1;0;1
380;1;0;2
380;1;0;3
380;1;14;4
380;1;12;5
380;1;15;6
380;1;15;7
380;1;19;8
380;1;10;9
380;1;18;10
380;1;14;11
380;1;12;12
380;1;13;13
380;1;16;14
380;1;12;15
380;1;18;16
380;1;14;17
380;1;12;18
384;4;0;1
384;4;0;1
384;4;0;2
384;4;0;3
384;4;21;4
384;4;17;5
384;4;10;6
384;4;21;7
384;4;21;8
384;4;18;9
384;4;11;10
384;4;13;11
384;4;14;12
384;4;16;13
384;4;12;14
384;4;12;15
384;4;20;16
384;4;14;17
384;4;20;18
384;4;14;19
384;4;14;39
384;4;13;59
384;4;22;79
384;4;17;99
386;1;0;1
386;1;0;2
386;1;0;3
386;1;18;4
386;1;10;5
386;1;19;6
386;1;50;7
386;1;34;8
386;1;55;9
386;1;20;10
386;1;30;11
386;1;45;12
386;1;21;13
386;1;14;14
386;1;19;15
386;1;77;16
386;1;13;17
386;1;19;18
389;1;0;1
389;1;0;2
389;1;0;3
389;1;18;4
389;1;35;5
389;1;39;6
389;1;22;7
389;1;25;8
389;1;44;9
389;1;18;10
389;1;85;11
389;1;37;12
389;1;51;13
389;1;40;14
389;1;37;15
389;1;60;16
389;1;27;17
389;1;27;18
389;1;21;19
389;1;34;39
389;1;30;59
389;1;51;79
389;1;17;99
395;2;0;1
395;2;0;2
395;2;0;3
395;2;22;4
395;2;20;5
395;2;17;6
395;2;60;7
395;2;32;8
395;2;29;9
395;2;27;10
395;2;37;11
395;2;25;12
395;2;33;13
395;2;43;14
395;2;39;15
395;2;34;16
395;2;35;17
395;2;41;18
395;2;29;19
395;2;18;39
395;2;29;59
395;2;12;79
395;2;26;99
398;4;0;1
398;4;0;1
398;4;0;2
398;4;0;3
398;4;46;4
398;4;28;5
398;4;15;6
398;4;33;7
398;4;31;8
398;4;43;9
398;4;23;10
398;4;36;11
398;4;52;12
398;4;27;13
398;4;31;14
398;4;33;15
398;4;9;16
398;4;44;17
398;4;46;18
407;3;0;1
407;3;0;1
407;3;0;1
407;3;0;2
407;3;0;3
407;3;24;4
407;3;26;5
407;3;79;6
407;3;22;7
407;3;16;8
407;3;28;9
407;3;24;10
407;3;75;11
407;3;82;12
407;3;55;13
407;3;73;14
407;3;21;15
407;3;38;16
407;3;29;17
407;3;84;18
407;3;73;19
407;3;86;20
407;3;80;21
407;3;74;22
407;3;20;39
407;3;83;40
407;3;88;41
407;3;72;42
407;3;65;59
407;3;75;60
407;3;88;61
407;3;69;62
407;3;21;79
407;3;23;80
407;3;72;81
407;3;76;82
407;3;83;99
407;3;68;100
407;3;76;101
407;3;84;102
412;2;0;1
412;2;0;2
412;2;0;3
412;2;44;4
412;2;57;5
412;2;140;6
412;2;101;7
412;2;44;8
412;2;68;9
412;2;31;10
412;2;116;11
412;2;44;12
412;2;35;13
412;2;93;14
412;2;64;15
412;2;71;16
412;2;105;17
412;2;71;18
412;2;18;19
412;2;29;39
412;2;27;59
412;2;30;79
412;2;23;99
426;4;0;1
426;4;0;1
426;4;0;2
426;4;0;3
426;4;62;4
426;4;66;5
426;4;51;6
426;4;31;7
426;4;247;8
426;4;33;9
426;4;26;10
426;4;44;11
426;4;38;12
426;4;57;13
426;4;36;14
426;4;64;15
426;4;65;16
426;4;21;17
426;4;40;18
429;2;0;1
429;2;0;2
429;2;0;3
429;2;17;4
429;2;20;5
429;2;36;6
429;2;43;7
429;2;28;8
429;2;18;9
429;2;15;10
429;2;27;11
429;2;26;12
429;2;18;13
429;2;35;14
429;2;21;15
429;2;22;16
429;2;12;17
429;2;17;18
438;3;0;1
438;3;0;1
438;3;0;1
438;3;0;2
438;3;0;3
438;3;47;4
438;3;41;5
438;3;61;6
438;3;40;7
438;3;26;8
438;3;35;9
438;3;60;10
438;3;71;11
438;3;42;12
438;3;36;13
438;3;41;14
438;3;55;15
438;3;32;16
438;3;52;17
438;3;45;18
441;4;0;1
441;4;0;1
441;4;0;2
441;4;0;3
441;4;51;4
441;4;41;5
441;4;25;6
441;4;40;7
441;4;39;8
441;4;54;9
441;4;48;10
441;4;61;11
441;4;54;12
441;4;38;13
441;4;30;14
441;4;31;15
441;4;35;16
441;4;72;17
441;4;35;18
449;4;0;1
449;4;0;1
449;4;0;2
449;4;0;3
449;4;90;4
449;4;64;5
449;4;97;6
449;4;99;7
449;4;83;8
449;4;130;9
449;4;179;10
449;4;74;11
449;4;121;12
449;4;62;13
449;4;112;14
449;4;151;15
449;4;58;16
449;4;97;17
449;4;303;18
456;4;0;1
456;4;0;1
456;4;0;1
456;4;0;2
456;4;0;3
456;4;144;4
456;4;151;5
456;4;121;6
456;4;148;7
456;4;161;8
456;4;135;9
456;4;113;10
456;4;132;11
456;4;174;12
456;4;120;13
456;4;84;14
456;4;8;15
456;4;21;16
456;4;145;17
456;4;102;18
456;4;56;19
456;4;80;39
456;4;76;59
456;4;119;79
456;4;38;99
461;4;0;1
461;4;0;1
461;4;0;2
461;4;0;3
461;4;109;4
461;4;83;5
461;4;55;6
461;4;33;7
461;4;36;8
461;4;57;9
461;4;91;10
461;4;25;11
461;4;50;12
461;4;119;13
461;4;13;14
461;4;57;15
461;4;154;16
461;4;46;17
461;4;43;18
488;4;0;1
488;4;0;1
488;4;0;2
488;4;0;3
488;4;168;4
488;4;118;5
488;4;51;6
488;4;62;7
488;4;37;8
488;4;91;9
488;4;99;10
488;4;114;11
488;4;32;12
488;4;38;13
488;4;47;14
488;4;31;15
488;4;114;16
488;4;48;17
488;4;40;18
498;3;0;1
498;3;0;1
498;3;0;2
498;3;0;3
498;3;46;4
498;3;35;5
498;3;36;6
498;3;31;7
498;3;33;8
498;3;32;9
498;3;55;10
498;3;66;11
498;3;24;12
498;3;32;13
498;3;30;14
498;3;26;15
498;3;33;16
498;3;27;17
498;3;28;18
498;3;27;19
498;3;21;20
498;3;36;39
498;3;26;40
498;3;25;59
498;3;21;60
498;3;21;79
498;3;38;80
498;3;23;99
498;3;23;100
502;4;0;1
502;4;0;1
502;4;0;2
502;4;0;3
502;4;19;4
502;4;19;5
502;4;28;6
502;4;29;7
502;4;18;8
502;4;20;9
502;4;17;10
502;4;20;11
502;4;27;12
502;4;19;13
502;4;18;14
502;4;20;15
502;4;23;16
502;4;21;17
502;4;19;18
503;4;0;1
503;4;0;2
503;4;0;3
503;4;12;4
503;4;22;5
503;4;18;6
503;4;17;7
503;4;22;8
503;4;16;9
503;4;14;10
503;4;14;11
503;4;18;12
503;4;10;13
503;4;11;14
503;4;11;15
503;4;17;16
503;4;14;17
503;4;14;18
518;5;0;1
518;5;0;2
518;5;0;3
518;5;32;4
518;5;12;5
518;5;25;6
518;5;20;7
518;5;19;8
518;5;18;9
518;5;18;10
518;5;29;11
518;5;29;12
518;5;24;13
518;5;23;14
518;5;23;15
518;5;21;16
518;5;22;17
518;5;20;18
520;5;0;1
520;5;0;2
520;5;0;3
520;5;41;4
520;5;18;5
520;5;28;6
520;5;19;7
520;5;18;8
520;5;35;9
520;5;35;10
520;5;24;11
520;5;58;12
520;5;51;13
520;5;38;14
520;5;50;15
520;5;34;16
520;5;54;17
520;5;32;18
520;5;16;19
520;5;17;39
520;5;13;59
520;5;14;79
520;5;13;99
544;5;0;1
544;5;0;2
544;5;0;3
544;5;13;4
544;5;10;5
544;5;10;6
544;5;17;7
544;5;18;8
544;5;15;9
544;5;10;10
544;5;12;11
544;5;17;12
544;5;9;13
544;5;12;14
544;5;10;15
544;5;19;16
544;5;31;17
544;5;17;18
546;5;0;1
546;5;0;2
546;5;0;3
546;5;47;4
546;5;32;5
546;5;108;6
546;5;64;7
546;5;93;8
546;5;50;9
546;5;104;10
546;5;73;11
546;5;103;12
546;5;125;13
546;5;34;14
546;5;63;15
546;5;59;16
546;5;156;17
546;5;59;18
581;5;0;1
581;5;0;2
581;5;0;3
581;5;51;4
581;5;36;5
581;5;86;6
581;5;70;7
581;5;41;8
581;5;30;9
581;5;46;10
581;5;36;11
581;5;35;12
581;5;37;13
581;5;48;14
581;5;32;15
581;5;32;16
581;5;57;17
581;5;58;18
584;5;0;1
584;5;0;2
584;5;0;3
584;5;12;4
584;5;14;5
584;5;58;6
584;5;44;7
584;5;18;8
584;5;31;9
584;5;20;10
584;5;31;11
584;5;47;12
584;5;12;13
584;5;42;14
584;5;33;15
584;5;119;16
584;5;16;17
584;5;10;18
589;5;0;1
589;5;0;2
589;5;0;3
589;5;12;4
589;5;13;5
589;5;12;6
589;5;10;7
589;5;10;8
589;5;12;9
589;5;11;10
589;5;9;11
589;5;9;12
589;5;9;13
589;5;9;14
589;5;13;15
589;5;9;16
589;5;11;17
589;5;10;18
592;5;0;1
592;5;0;2
592;5;0;3
592;5;20;4
592;5;34;5
592;5;9;6
592;5;27;7
592;5;18;8
592;5;16;9
592;5;27;10
592;5;16;11
592;5;20;12
592;5;18;13
592;5;18;14
592;5;42;15
592;5;27;16
592;5;27;17
592;5;25;18
598;5;0;1
598;5;0;2
598;5;0;3
598;5;25;4
598;5;27;5
598;5;38;6
598;5;28;7
598;5;45;8
598;5;24;9
598;5;21;10
598;5;19;11
598;5;29;12
598;5;22;13
598;5;43;14
598;5;49;15
598;5;16;16
598;5;55;17
598;5;53;18
604;5;0;1
604;5;0;2
604;5;0;3
604;5;66;4
604;5;64;5
604;5;45;6
604;5;29;7
604;5;24;8
604;5;41;9
604;5;51;10
604;5;24;11
604;5;29;12
604;5;24;13
604;5;30;14
604;5;34;15
604;5;67;16
604;5;49;17
604;5;38;18
604;5;32;19
604;5;30;39
604;5;10;59
604;5;27;79
604;5;31;99
608;5;0;1
608;5;0;2
608;5;0;3
608;5;17;4
608;5;17;5
608;5;18;6
608;5;28;7
608;5;29;8
608;5;15;9
608;5;30;10
608;5;27;11
608;5;28;12
608;5;19;13
608;5;32;14
608;5;25;15
608;5;21;16
608;5;17;17
608;5;16;18
608;5;19;19
608;5;32;39
608;5;22;59
608;5;18;79
608;5;15;99
609;5;0;1
609;5;0;2
609;5;0;3
609;5;52;4
609;5;19;5
609;5;43;6
609;5;20;7
609;5;25;8
609;5;23;9
609;5;18;10
609;5;58;11
609;5;46;12
609;5;40;13
609;5;29;14
609;5;17;15
609;5;27;16
609;5;32;17
609;5;45;18
611;5;0;1
611;5;0;2
611;5;0;3
611;5;26;4
611;5;24;5
611;5;45;6
611;5;33;7
611;5;27;8
611;5;12;9
611;5;23;10
611;5;20;11
611;5;25;12
611;5;18;13
611;5;21;14
611;5;21;15
611;5;16;16
611;5;20;17
611;5;17;18
649;5;0;1
649;5;0;2
649;5;0;3
649;5;34;4
649;5;19;5
649;5;10;6
649;5;37;7
649;5;23;8
649;5;20;9
649;5;23;10
649;5;21;11
649;5;25;12
649;5;27;13
649;5;23;14
649;5;45;15
649;5;14;16
649;5;31;17
649;5;28;18
673;5;0;1
673;5;0;2
673;5;0;3
673;5;46;4
673;5;70;5
673;5;55;6
673;5;90;7
673;5;15;8
673;5;67;9
673;5;42;10
673;5;55;11
673;5;61;12
673;5;38;13
673;5;16;14
673;5;47;15
673;5;18;16
673;5;48;17
673;5;25;18
679;5;0;1
679;5;0;2
679;5;0;3
679;5;29;4
679;5;17;5
679;5;20;6
679;5;17;7
679;5;24;8
679;5;30;9
679;5;31;10
679;5;27;11
679;5;24;12
679;5;25;13
679;5;21;14
679;5;30;15
679;5;29;16
679;5;22;17
679;5;22;18
684;5;0;1
684;5;0;2
684;5;0;3
684;5;15;4
684;5;19;5
684;5;30;6
684;5;20;7
684;5;21;8
684;5;21;9
684;5;19;10
684;5;27;11
684;5;18;12
684;5;21;13
684;5;15;14
684;5;23;15
684;5;18;16
684;5;17;17
684;5;21;18
693;5;0;1
693;5;0;2
693;5;0;3
693;5;40;4
693;5;101;5
693;5;54;6
693;5;31;7
693;5;14;8
693;5;36;9
693;5;24;10
693;5;89;11
693;5;77;12
693;5;112;13
693;5;30;14
693;5;58;15
693;5;18;16
693;5;64;17
693;5;64;18
693;5;20;19
693;5;16;39
693;5;57;59
693;5;17;79
693;5;42;99
698;5;0;1
698;5;0;2
698;5;0;3
698;5;13;4
698;5;13;5
698;5;12;6
698;5;13;7
698;5;18;8
698;5;13;9
698;5;13;10
698;5;13;11
698;5;30;12
698;5;14;13
698;5;8;14
698;5;10;15
698;5;15;16
698;5;10;17
698;5;14;18
704;5;0;1
704;5;0;2
704;5;0;3
704;5;102;4
704;5;96;5
704;5;86;6
704;5;47;7
704;5;158;8
704;5;120;9
704;5;79;10
704;5;48;11
704;5;95;12
704;5;57;13
704;5;93;14
704;5;112;15
704;5;29;16
704;5;49;17
704;5;48;18
704;5;70;19
704;5;61;39
704;5;63;59
704;5;45;79
704;5;39;99
